{
  "steps": [
    0,
    1,
    2,
    3,
    4,
    5,
    6,
    7,
    8,
    9,
    10,
    11,
    12,
    13,
    14,
    15,
    16,
    17,
    18,
    19,
    20,
    21,
    22,
    23,
    24,
    25,
    26,
    27,
    28,
    29,
    30,
    31,
    32,
    33,
    34,
    35,
    36,
    37,
    38,
    39,
    40,
    41,
    42,
    43,
    44,
    45,
    46,
    47,
    48,
    49,
    50,
    51,
    52,
    53,
    54,
    55,
    56,
    57,
    58,
    59,
    60,
    61,
    62,
    63,
    64,
    65,
    66,
    67,
    68,
    69,
    70,
    71,
    72,
    73,
    74,
    75,
    76,
    77,
    78,
    79
  ],
  "losses": [
    10.880606651306152,
    10.896589279174805,
    10.570723533630371,
    10.04687213897705,
    9.499495506286621,
    9.00899887084961,
    8.554668426513672,
    8.040519714355469,
    7.496829986572266,
    7.068537712097168,
    6.704319000244141,
    6.386482238769531,
    6.095775604248047,
    5.839173793792725,
    5.598300457000732,
    5.377593517303467,
    5.162168502807617,
    4.962731838226318,
    4.7693071365356445,
    4.575003147125244,
    4.364207744598389,
    4.146952152252197,
    3.9295287132263184,
    3.7148282527923584,
    3.489621877670288,
    3.2719483375549316,
    3.0482017993927,
    2.8223249912261963,
    2.5976593494415283,
    2.3653645515441895,
    2.1446657180786133,
    1.923701286315918,
    1.7099950313568115,
    1.4992820024490356,
    1.3010716438293457,
    1.1131306886672974,
    0.9404715895652771,
    0.7809221744537354,
    0.6418769359588623,
    0.5186483263969421,
    0.41552987694740295,
    0.3274945914745331,
    0.25709545612335205,
    0.20035269856452942,
    0.1558174341917038,
    0.12085528671741486,
    0.09448684751987457,
    0.07520543783903122,
    0.06009718030691147,
    0.0489429235458374,
    0.04046270251274109,
    0.03414422273635864,
    0.029128285124897957,
    0.02517070807516575,
    0.022104691714048386,
    0.019831538200378418,
    0.01791956089437008,
    0.016367238014936447,
    0.015106787905097008,
    0.014059185050427914,
    0.013216187246143818,
    0.012476786971092224,
    0.011963577941060066,
    0.011460415087640285,
    0.011096161790192127,
    0.010777933523058891,
    0.010494367219507694,
    0.01024508848786354,
    0.010083568282425404,
    0.009920884855091572,
    0.009766928851604462,
    0.009713263250887394,
    0.009592892602086067,
    0.009519455023109913,
    0.00948700774461031,
    0.009413828141987324,
    0.009391470812261105,
    0.009352101013064384,
    0.009368703700602055,
    0.009310455992817879
  ],
  "learning_rates": [
    0.0,
    3.9999999999999996e-05,
    7.999999999999999e-05,
    0.00011999999999999999,
    0.00015999999999999999,
    0.00019999999999999998,
    0.00023999999999999998,
    0.00028,
    0.00031999999999999997,
    0.00035999999999999997,
    0.00039999999999999996,
    0.0004399999999999999,
    0.00047999999999999996,
    0.00052,
    0.00056,
    0.0006,
    0.0006,
    0.0006,
    0.0006,
    0.0006,
    0.0006,
    0.0006,
    0.0006,
    0.0006,
    0.0006,
    0.0006,
    0.0006,
    0.0006,
    0.0006,
    0.0006,
    0.0006,
    0.0006,
    0.0006,
    0.0006,
    0.0006,
    0.0006,
    0.0006,
    0.0006,
    0.0006,
    0.0006,
    0.0006,
    0.0006,
    0.0006,
    0.0006,
    0.0006,
    0.0006,
    0.0005989130593787145,
    0.0005956609889216299,
    0.0005902699723878803,
    0.000582783415072729,
    0.0005732615943336531,
    0.0005617811742725038,
    0.0005484345884812357,
    0.000533329295820975,
    0.0005165869152264534,
    0.000498342246501858,
    0.00047874218499206766,
    0.0004579445388677096,
    0.00043611675854655934,
    0.00041343458848123576,
    0.0003900806521682048,
    0.00036624298177076697,
    0.00034211350419463906,
    0.0003178864958053611,
    0.0002937570182292331,
    0.00026991934783179513,
    0.00024656541151876424,
    0.00022388324145344063,
    0.00020205546113229037,
    0.00018125781500793233,
    0.00016165775349814197,
    0.00014341308477354656,
    0.00012667070417902505,
    0.00011156541151876422,
    9.821882572749614e-05,
    8.673840566634686e-05,
    7.721658492727095e-05,
    6.973002761211962e-05,
    6.433901107836999e-05,
    6.108694062128544e-05
  ],
  "config": {
    "warmup_steps": 15,
    "constant_steps": 30,
    "decay_steps": 35,
    "total_training_steps": 80,
    "max_lr": 0.0006,
    "min_lr": 5.9999999999999995e-05,
    "batch_size": 2,
    "seq_length": 512
  },
  "wsd_phases": {
    "warmup": "Steps 0-15",
    "constant": "Steps 15-45",
    "decay": "Steps 45-80"
  },
  "timestamp": "2025-09-16T22:24:07.435155"
}